,iteration,exp_id,label_rate,num_categorical_cols,num_numeric_cols,num_instances,num_labeled_instances,num_unlabeled_instances,ada_boost,desicition_tree,gaussian_nb,gaussian_process,logistic_regression,mlp,random_forest,initial_auc,cur_next_clfs_ttest_stat,cur_next_clfs_ttest_pval,clf_backwards_1_steps_ttest_stat,clf_backwards_1_steps_ttest_pval,clf_backwards_2_steps_ttest_stat,clf_backwards_2_steps_ttest_pval,clf_backwards_3_steps_ttest_stat,clf_backwards_3_steps_ttest_pval,confidence_clf_avg,confidence_clf_min,confidence_clf_max,confidence_clf_median,confidence_clf_std,confidence_clf_stdev,confidence_clf_norm_dist_pval,confidence_clf_skew,confidence_clf_shapiro_pval,1_iters_back_1_place_ada_boost,1_iters_back_1_place_desicition_tree,1_iters_back_1_place_gaussian_nb,1_iters_back_1_place_gaussian_process,1_iters_back_1_place_logistic_regression,1_iters_back_1_place_mlp,1_iters_back_1_place_random_forest,1_iters_back_2_place_ada_boost,1_iters_back_2_place_desicition_tree,1_iters_back_2_place_gaussian_nb,1_iters_back_2_place_gaussian_process,1_iters_back_2_place_logistic_regression,1_iters_back_2_place_mlp,1_iters_back_2_place_random_forest,1_iters_back_3_place_ada_boost,1_iters_back_3_place_desicition_tree,1_iters_back_3_place_gaussian_nb,1_iters_back_3_place_gaussian_process,1_iters_back_3_place_logistic_regression,1_iters_back_3_place_mlp,1_iters_back_3_place_random_forest,2_iters_back_1_place_ada_boost,2_iters_back_1_place_desicition_tree,2_iters_back_1_place_gaussian_nb,2_iters_back_1_place_gaussian_process,2_iters_back_1_place_logistic_regression,2_iters_back_1_place_mlp,2_iters_back_1_place_random_forest,2_iters_back_2_place_ada_boost,2_iters_back_2_place_desicition_tree,2_iters_back_2_place_gaussian_nb,2_iters_back_2_place_gaussian_process,2_iters_back_2_place_logistic_regression,2_iters_back_2_place_mlp,2_iters_back_2_place_random_forest,2_iters_back_3_place_ada_boost,2_iters_back_3_place_desicition_tree,2_iters_back_3_place_gaussian_nb,2_iters_back_3_place_gaussian_process,2_iters_back_3_place_logistic_regression,2_iters_back_3_place_mlp,2_iters_back_3_place_random_forest,3_iters_back_1_place_ada_boost,3_iters_back_1_place_desicition_tree,3_iters_back_1_place_gaussian_nb,3_iters_back_1_place_gaussian_process,3_iters_back_1_place_logistic_regression,3_iters_back_1_place_mlp,3_iters_back_1_place_random_forest,3_iters_back_2_place_ada_boost,3_iters_back_2_place_desicition_tree,3_iters_back_2_place_gaussian_nb,3_iters_back_2_place_gaussian_process,3_iters_back_2_place_logistic_regression,3_iters_back_2_place_mlp,3_iters_back_2_place_random_forest,3_iters_back_3_place_ada_boost,3_iters_back_3_place_desicition_tree,3_iters_back_3_place_gaussian_nb,3_iters_back_3_place_gaussian_process,3_iters_back_3_place_logistic_regression,3_iters_back_3_place_mlp,3_iters_back_3_place_random_forest,rank,AUC_gap_from_top,AUC_gap_from_avg,AUC_gap_from_min,AUC_gap_from_top_1_steps_back,AUC_gap_from_avg_1_steps_back,AUC_gap_from_min_1_steps_back,AUC_gap_from_top_2_steps_back,AUC_gap_from_avg_2_steps_back,AUC_gap_from_min_2_steps_back,AUC_gap_from_top_3_steps_back,AUC_gap_from_avg_3_steps_back,AUC_gap_from_min_3_steps_back,chosen_classifier,evaluation,best_classifier
0,1,2021-08-23 14:21:56.801015,0.8,0,428,441,45,44,1,0,0,0,0,0,0,0.6818181818181818,-0.8476936567347179,0.3989616642149295,0.0,0.0,0.0,0.0,0.0,0.0,0.7186831127162596,8.612756704072945e-06,0.9999999978640213,0.9999910466319216,0.43586779671275877,0.4409068981852178,0.00347417484261493,-2.6774054521936987,8.552337171785496e-10,0,0,0,0,0,0,0,0,0,0,0,0,0,0,0,0,0,0,0,0,0,0,0,0,0,0,0,0,0,0,0,0,0,0,0,0,0,0,0,0,0,0,0,0,0,0,0,0,0,0,0,0,0,0,0,0,0,0,0,0,0,0,0,1,0.6470588235294118,0.8517699115044247,1.053191489361702,0.0,0.0,0.0,0.0,0.0,0.0,0.0,0.0,0.0,random_forest,0.5124223602484472,3
1,1,2021-08-23 14:21:56.801015,0.8,0,428,441,45,44,0,1,0,0,0,0,0,0.6818181818181818,0.828068775496929,0.40992364397461856,0.0,0.0,0.0,0.0,0.0,0.0,0.7954545454545454,0.0,1.0,1.0,0.4033690761204283,0.40803245735839216,0.0011920048226776317,-3.609370297196553,4.2942982503291205e-11,0,0,0,0,0,0,0,0,0,0,0,0,0,0,0,0,0,0,0,0,0,0,0,0,0,0,0,0,0,0,0,0,0,0,0,0,0,0,0,0,0,0,0,0,0,0,0,0,0,0,0,0,0,0,0,0,0,0,0,0,0,0,0,0,0.6143790849673203,0.8087512291052114,1.0,0.0,0.0,0.0,0.0,0.0,0.0,0.0,0.0,0.0,random_forest,0.48654244306418226,3
2,1,2021-08-23 14:21:56.801015,0.8,0,428,441,45,44,0,0,1,0,0,0,0,0.6818181818181818,3.249445546624662,0.0016508774597018376,0.0,0.0,0.0,0.0,0.0,0.0,0.7197534009981559,1.8354708340420183e-110,1.0,1.0,0.4434662559077569,0.4485932037575044,0.0032240919888232226,-2.6757271651927956,4.699959310627833e-10,0,0,0,0,0,0,0,0,0,0,0,0,0,0,0,0,0,0,0,0,0,0,0,0,0,0,0,0,0,0,0,0,0,0,0,0,0,0,0,0,0,0,0,0,0,0,0,0,0,0,0,0,0,0,0,0,0,0,0,0,0,0,0,4,0.7620915032679739,1.0031956735496559,1.2404255319148936,0.0,0.0,0.0,0.0,0.0,0.0,0.0,0.0,0.0,random_forest,0.6035196687370601,3
3,1,2021-08-23 14:21:56.801015,0.8,0,428,441,45,44,0,0,0,1,0,0,0,0.6818181818181818,-1.3481533714246459,0.1811492654042363,0.0,0.0,0.0,0.0,0.0,0.0,0.4999999950001696,0.49999999500016656,0.499999995000261,0.49999999500016656,1.5347790677855285e-14,1.5525026047557966e-14,2.484694714931679e-19,7.263196214281661,1.0,0,0,0,0,0,0,0,0,0,0,0,0,0,0,0,0,0,0,0,0,0,0,0,0,0,0,0,0,0,0,0,0,0,0,0,0,0,0,0,0,0,0,0,0,0,0,0,0,0,0,0,0,0,0,0,0,0,0,0,0,0,0,0,6,1.0,1.316371681415929,1.6276595744680848,0.0,0.0,0.0,0.0,0.0,0.0,0.0,0.0,0.0,random_forest,0.7919254658385093,3
4,1,2021-08-23 14:21:56.801015,0.8,0,428,441,45,44,0,0,0,0,1,0,0,0.6818181818181818,-1.0257507562811856,0.3078856443596138,0.0,0.0,0.0,0.0,0.0,0.0,0.5790811051586041,0.0005199158321546795,0.9999972978989674,0.6581814876182053,0.3846517238238971,0.38909871229729026,7.192161602700376e-10,-0.9286616756254296,2.2448488380177878e-05,0,0,0,0,0,0,0,0,0,0,0,0,0,0,0,0,0,0,0,0,0,0,0,0,0,0,0,0,0,0,0,0,0,0,0,0,0,0,0,0,0,0,0,0,0,0,0,0,0,0,0,0,0,0,0,0,0,0,0,0,0,0,0,2,0.7098039215686275,0.9343657817109143,1.15531914893617,0.0,0.0,0.0,0.0,0.0,0.0,0.0,0.0,0.0,random_forest,0.562111801242236,3
5,1,2021-08-23 14:21:56.801015,0.8,0,428,441,45,44,0,0,0,0,0,1,0,0.6818181818181818,0.6470898924329693,0.5192972515881906,0.0,0.0,0.0,0.0,0.0,0.0,0.6617537552851838,0.0005501163412530914,0.9999566893503828,0.8329656191151698,0.3624461330849522,0.36663640099804395,0.0011989570281043273,-1.8647262310550956,5.7852234931488056e-06,0,0,0,0,0,0,0,0,0,0,0,0,0,0,0,0,0,0,0,0,0,0,0,0,0,0,0,0,0,0,0,0,0,0,0,0,0,0,0,0,0,0,0,0,0,0,0,0,0,0,0,0,0,0,0,0,0,0,0,0,0,0,0,5,0.8522875816993464,1.1219272369714846,1.3872340425531913,0.0,0.0,0.0,0.0,0.0,0.0,0.0,0.0,0.0,random_forest,0.6749482401656315,3
6,1,2021-08-23 14:21:56.801015,0.8,0,428,441,45,44,0,0,0,0,0,0,1,0.6818181818181818,-1.3444369923533002,0.1823426413602338,0.0,0.0,0.0,0.0,0.0,0.0,0.6215909090909091,0.16,0.95,0.6,0.18515280153796046,0.18729336746619926,0.6654224352027464,-0.9014160066157146,0.3012716472148895,0,0,0,0,0,0,0,0,0,0,0,0,0,0,0,0,0,0,0,0,0,0,0,0,0,0,0,0,0,0,0,0,0,0,0,0,0,0,0,0,0,0,0,0,0,0,0,0,0,0,0,0,0,0,0,0,0,0,0,0,0,0,0,3,0.7320261437908498,0.9636184857423796,1.1914893617021278,0.0,0.0,0.0,0.0,0.0,0.0,0.0,0.0,0.0,random_forest,0.5797101449275364,3
7,2,2021-08-23 14:21:56.801015,0.8,0,428,441,89,44,1,0,0,0,0,0,0,0.8409090909090909,0.8797406753917415,0.3814514895774277,-2.69473470876603,0.008470880415877265,0.0,0.0,0.0,0.0,0.5254239595292511,0.21720792515309023,0.8142522280958903,0.5341057748586718,0.17659090947130215,0.17863249069994738,0.16691635455470996,-0.36429350493923723,0.06400072574615479,0,0,0,1,0,0,0,0,0,0,0,0,1,0,0,0,1,0,0,0,0,0,0,0,0,0,0,0,0,0,0,0,0,0,0,0,0,0,0,0,0,0,0,0,0,0,0,0,0,0,0,0,0,0,0,0,0,0,0,0,0,0,0,3,0.8468085106382978,0.980295566502463,1.137142857142857,1.0470261437908497,1.378275565388397,1.704202127659574,0.0,0.0,0.0,0.0,0.0,0.0,gaussian_process,0.8291666666666666,3
8,2,2021-08-23 14:21:56.801015,0.8,0,428,441,89,44,0,1,0,0,0,0,0,0.8409090909090909,-0.5295727893617019,0.5977726210202753,-3.4885256657726798,0.0007680184276774904,0.0,0.0,0.0,0.0,0.45454545454545453,0.0,1.0,0.0,0.49792959773196915,0.5036862005093147,1.4064421562433393e-268,0.5544299816950405,3.1057483251828444e-09,0,0,0,1,0,0,0,0,0,0,0,0,1,0,0,0,1,0,0,0,0,0,0,0,0,0,0,0,0,0,0,0,0,0,0,0,0,0,0,0,0,0,0,0,0,0,0,0,0,0,0,0,0,0,0,0,0,0,0,0,0,0,0,1,0.7872340425531914,0.9113300492610836,1.0571428571428572,0.9733660130718953,1.28131145526057,1.5843085106382975,0.0,0.0,0.0,0.0,0.0,0.0,gaussian_process,0.7708333333333333,3
9,2,2021-08-23 14:21:56.801015,0.8,0,428,441,89,44,0,0,1,0,0,0,0,0.8409090909090909,0.1484739497088812,0.8823163308210734,-2.0605930120451625,0.04236348356219042,0.0,0.0,0.0,0.0,0.5111817597875873,2.5038389555101573e-38,1.0,0.7411663604887235,0.49384915892979875,0.4995585874370298,9.740752221150247e-256,-0.1321594087993257,5.817091697224441e-09,0,0,0,1,0,0,0,0,0,0,0,0,1,0,0,0,1,0,0,0,0,0,0,0,0,0,0,0,0,0,0,0,0,0,0,0,0,0,0,0,0,0,0,0,0,0,0,0,0,0,0,0,0,0,0,0,0,0,0,0,0,0,0,0,0.7446808510638296,0.8620689655172413,1.0,0.920751633986928,1.2120513765978365,1.4986702127659572,0.0,0.0,0.0,0.0,0.0,0.0,gaussian_process,0.7291666666666666,3
10,2,2021-08-23 14:21:56.801015,0.8,0,428,441,89,44,0,0,0,1,0,0,0,0.8409090909090909,-2.3054573565818486,0.02354817121065472,-1.3044520528275032,0.1955597034596002,0.0,0.0,0.0,0.0,0.49999999500016656,0.49999999500016656,0.49999999500016695,0.49999999500016656,5.858034646378644e-17,5.858034646378644e-17,5.370387919667272e-23,8.010822357558153,1.0,0,0,0,1,0,0,0,0,0,0,0,0,1,0,0,0,1,0,0,0,0,0,0,0,0,0,0,0,0,0,0,0,0,0,0,0,0,0,0,0,0,0,0,0,0,0,0,0,0,0,0,0,0,0,0,0,0,0,0,0,0,0,0,6,1.0,1.1576354679802956,1.342857142857143,1.236437908496732,1.627611848574238,2.0124999999999997,0.0,0.0,0.0,0.0,0.0,0.0,gaussian_process,0.9791666666666667,3
11,2,2021-08-23 14:21:56.801015,0.8,0,428,441,89,44,0,0,0,0,1,0,0,0.8409090909090909,1.8629339611634794,0.06588534500009897,0.7421293665594798,0.46003105725359517,0.0,0.0,0.0,0.0,0.6422657834243132,2.952174019510773e-06,0.9999904762166342,0.8854869496896118,0.4046481966102576,0.4093263658596147,1.331734699447697e-06,-1.6386532531130567,5.850355933034734e-07,0,0,0,1,0,0,0,0,0,0,0,0,1,0,0,0,1,0,0,0,0,0,0,0,0,0,0,0,0,0,0,0,0,0,0,0,0,0,0,0,0,0,0,0,0,0,0,0,0,0,0,0,0,0,0,0,0,0,0,0,0,0,0,2,0.8042553191489361,0.9310344827586207,1.08,0.9944117647058823,1.3090154867256636,1.6185638297872338,0.0,0.0,0.0,0.0,0.0,0.0,gaussian_process,0.7875,3
12,2,2021-08-23 14:21:56.801015,0.8,0,428,441,89,44,0,0,0,0,0,1,0,0.8409090909090909,-1.177943153962703,0.2420686076640359,-2.17078682194644,0.03270290382534173,0.0,0.0,0.0,0.0,0.46972175771788477,0.0001094522413624923,0.9999025325549521,0.2947708403921268,0.45291266494386384,0.4581488234626314,3.927505472301097e-139,0.500819917397953,1.406018981242596e-07,0,0,0,1,0,0,0,0,0,0,0,0,1,0,0,0,1,0,0,0,0,0,0,0,0,0,0,0,0,0,0,0,0,0,0,0,0,0,0,0,0,0,0,0,0,0,0,0,0,0,0,0,0,0,0,0,0,0,0,0,0,0,0,4,0.9276595744680849,1.0738916256157633,1.2457142857142856,1.1469934640522874,1.5098697148475906,1.8669148936170208,0.0,0.0,0.0,0.0,0.0,0.0,gaussian_process,0.9083333333333332,3
13,2,2021-08-23 14:21:56.801015,0.8,0,428,441,89,44,0,0,0,0,0,0,1,0.8409090909090909,0.8073853521557955,0.4216719657352679,-1.3967318165517855,0.16608834539310144,0.0,0.0,0.0,0.0,0.5602272727272727,0.22,0.97,0.545,0.22071669043825506,0.2232684132500155,0.022102897419882864,0.852893528330253,0.034340113401412964,0,0,0,1,0,0,0,0,0,0,0,0,1,0,0,0,1,0,0,0,0,0,0,0,0,0,0,0,0,0,0,0,0,0,0,0,0,0,0,0,0,0,0,0,0,0,0,0,0,0,0,0,0,0,0,0,0,0,0,0,0,0,0,5,0.9361702127659575,1.083743842364532,1.2571428571428573,1.1575163398692812,1.5237217305801376,1.8840425531914893,0.0,0.0,0.0,0.0,0.0,0.0,gaussian_process,0.9166666666666667,3
14,3,2021-08-23 14:21:56.801015,0.8,0,428,441,133,44,1,0,0,0,0,0,0,0.7727272727272727,-0.14947455546514668,0.8815291654931093,-2.3476888432301832,0.02118609826039341,-3.928798470790563,0.00017193735444481927,0.0,0.0,0.44269791124614327,0.16735071663392373,0.7361846361006746,0.44357893080537497,0.14902056398533797,0.15074340230711486,0.1965844762696724,-0.09019652621607999,0.2299959808588028,0,0,0,1,0,0,0,0,0,0,0,0,0,1,0,0,0,0,0,1,0,0,0,0,1,0,0,0,0,0,0,0,0,1,0,0,0,1,0,0,0,0,0,0,0,0,0,0,0,0,0,0,0,0,0,0,0,0,0,0,0,0,0,2,0.85,0.9794238683127572,1.0625,0.7891682785299806,0.9135691894312584,1.0597402597402599,0.9757575757575757,1.2844596406543307,1.5882011605415858,0.0,0.0,0.0,gaussian_process,0.7727272727272727,3
15,3,2021-08-23 14:21:56.801015,0.8,0,428,441,133,44,0,1,0,0,0,0,0,0.7727272727272727,0.8603750121867629,0.3919745985296218,0.0,1.0,-3.4885256657726793,0.0007680184276774904,0.0,0.0,0.45454545454545453,0.0,1.0,0.0,0.49792959773196915,0.5036862005093147,1.4064421562433393e-268,0.5544299816950401,3.1057483251828444e-09,0,0,0,1,0,0,0,0,0,0,0,0,0,1,0,0,0,0,0,1,0,0,0,0,1,0,0,0,0,0,0,0,0,1,0,0,0,1,0,0,0,0,0,0,0,0,0,0,0,0,0,0,0,0,0,0,0,0,0,0,0,0,0,2,0.85,0.9794238683127572,1.0625,0.7891682785299806,0.9135691894312584,1.0597402597402599,0.9757575757575757,1.2844596406543307,1.5882011605415858,0.0,0.0,0.0,gaussian_process,0.7727272727272727,3
16,3,2021-08-23 14:21:56.801015,0.8,0,428,441,133,44,0,0,1,0,0,0,0,0.7727272727272727,-1.85805829882181,0.06658234482735642,-1.4027636152903336,0.16428718527700084,-3.5686778179423553,0.0005896792692464521,0.0,0.0,0.3637110586983642,8.626000269526616e-72,1.0,2.3257281738114196e-12,0.4809893865595987,0.4865501422390253,1.7808675613455738e-19,1.6522584709719523,1.3625556238849867e-09,0,0,0,1,0,0,0,0,0,0,0,0,0,1,0,0,0,0,0,1,0,0,0,0,1,0,0,0,0,0,0,0,0,1,0,0,0,1,0,0,0,0,0,0,0,0,0,0,0,0,0,0,0,0,0,0,0,0,0,0,0,0,0,1,0.8,0.9218106995884774,1.0000000000000002,0.7427466150870405,0.8598298253470668,0.9974025974025975,0.9183600713012477,1.208903191204076,1.4947775628626692,0.0,0.0,0.0,gaussian_process,0.7272727272727273,3
17,3,2021-08-23 14:21:56.801015,0.8,0,428,441,133,44,0,0,0,1,0,0,0,0.7727272727272727,0.48986397857827024,0.6254774710746651,1.011912164420076,0.314418623298775,0.9824504879409047,0.3286338216002854,0.0,0.0,0.4999999950002723,0.49999999500016656,0.49999999500476583,0.49999999500016656,6.852777382461734e-13,6.932002871355394e-13,1.7281954841448159e-22,7.9026588093289085,1.0,0,0,0,1,0,0,0,0,0,0,0,0,0,1,0,0,0,0,0,1,0,0,0,0,1,0,0,0,0,0,0,0,0,1,0,0,0,1,0,0,0,0,0,0,0,0,0,0,0,0,0,0,0,0,0,0,0,0,0,0,0,0,0,4,1.0,1.1522633744855966,1.2500000000000002,0.9284332688588006,1.0747872816838333,1.2467532467532467,1.1479500891265597,1.511128989005095,1.8684719535783363,0.0,0.0,0.0,gaussian_process,0.9090909090909091,3
18,3,2021-08-23 14:21:56.801015,0.8,0,428,441,133,44,0,0,0,0,1,0,0,0.7727272727272727,-0.11857792806427359,0.905886287299672,-1.9318516334199052,0.056670535791582925,-1.261494131304883,0.21054188570056676,0.0,0.0,0.46764473813288543,0.0001292076606181673,0.9998158079329478,0.31105373439581346,0.43311534859464984,0.43812262880050135,1.640739324617142e-121,0.3785150194940253,5.473094120134192e-07,0,0,0,1,0,0,0,0,0,0,0,0,0,1,0,0,0,0,0,1,0,0,0,0,1,0,0,0,0,0,0,0,0,1,0,0,0,1,0,0,0,0,0,0,0,0,0,0,0,0,0,0,0,0,0,0,0,0,0,0,0,0,0,0,0.7999999999999999,0.9218106995884773,1.0,0.7427466150870404,0.8598298253470666,0.9974025974025973,0.9183600713012476,1.2089031912040757,1.494777562862669,0.0,0.0,0.0,gaussian_process,0.7272727272727272,3
19,3,2021-08-23 14:21:56.801015,0.8,0,428,441,133,44,0,0,0,0,0,1,0,0.7727272727272727,0.5073545922646189,0.6132046525357541,0.0948186799244462,0.9246794290609696,-2.059406419951689,0.04247964128570941,0.0,0.0,0.4790070979157608,4.851862590196673e-05,0.9999632318795294,0.34626402470882245,0.45522509343750234,0.46048798612180164,6.7946444407539555e-177,0.20952218393483746,1.4489228306047153e-07,0,0,0,1,0,0,0,0,0,0,0,0,0,1,0,0,0,0,0,1,0,0,0,0,1,0,0,0,0,0,0,0,0,1,0,0,0,1,0,0,0,0,0,0,0,0,0,0,0,0,0,0,0,0,0,0,0,0,0,0,0,0,0,3,0.925,1.0658436213991769,1.1562500000000002,0.8588007736943907,0.9941782355575459,1.1532467532467534,1.0618538324420679,1.397794314829713,1.7283365570599611,0.0,0.0,0.0,gaussian_process,0.8409090909090909,3
20,3,2021-08-23 14:21:56.801015,0.8,0,428,441,133,44,0,0,0,0,0,0,1,0.7727272727272727,-0.09690035162263703,0.9230309960812285,-2.3111692263136683,0.02321566098111889,-3.703249539742505,0.0003752335816430185,0.0,0.0,0.4381818181818181,0.04,0.91,0.39,0.2668185689946084,0.26990327920729285,0.0009313052338252267,1.0157791548562647,0.0026917592622339725,0,0,0,1,0,0,0,0,0,0,0,0,0,1,0,0,0,0,0,1,0,0,0,0,1,0,0,0,0,0,0,0,0,1,0,0,0,1,0,0,0,0,0,0,0,0,0,0,0,0,0,0,0,0,0,0,0,0,0,0,0,0,0,2,0.85,0.9794238683127572,1.0625,0.7891682785299806,0.9135691894312584,1.0597402597402599,0.9757575757575757,1.2844596406543307,1.5882011605415858,0.0,0.0,0.0,gaussian_process,0.7727272727272727,3
21,4,2021-08-23 14:21:56.801015,0.8,0,428,441,177,44,1,0,0,0,0,0,0,0.6818181818181818,-1.8857188395286888,0.06270874287543732,2.099761828109389,0.03867970052471338,-0.9927767352242445,0.3236038904002506,-3.2955601087873445,0.0014282179149673478,0.496301878397948,0.3075640163758342,0.7241043504165997,0.48659579593801383,0.07626508540495582,0.07714679198447308,0.06990905866292511,1.5289784315454327,0.2470327466726303,0,0,0,1,0,0,0,0,0,0,0,0,1,0,0,0,0,0,0,0,1,0,0,0,1,0,0,0,0,0,0,0,0,0,1,0,0,0,0,0,1,0,0,0,0,1,0,0,0,0,0,0,0,0,1,0,0,0,1,0,0,0,0,0,0.7960000000000002,0.8783102143757884,1.0,0.6798136645962735,0.7833243871891216,0.8497670807453419,0.6311616228359985,0.7306550806229539,0.8475598935226266,0.7803921568627452,1.0272861356932155,1.270212765957447,gaussian_process,0.6180124223602486,3
22,4,2021-08-23 14:21:56.801015,0.8,0,428,441,177,44,0,1,0,0,0,0,0,0.6818181818181818,1.3733346666134074,0.17321818881276357,1.7220677226460375,0.08865211536527078,1.7220677226460377,0.08865211536527072,-1.6617664968064123,0.10020081080986772,0.6363636363636364,0.0,1.0,1.0,0.48104569292083466,0.48660709956247955,1.7804696560232914e-19,-1.6522669522735225,1.3526630926463667e-09,0,0,0,1,0,0,0,0,0,0,0,0,1,0,0,0,0,0,0,0,1,0,0,0,1,0,0,0,0,0,0,0,0,0,1,0,0,0,0,0,1,0,0,0,0,1,0,0,0,0,0,0,0,0,1,0,0,0,1,0,0,0,0,2,0.8999999999999999,0.9930643127364438,1.130653266331658,0.7686335403726707,0.8856682769726247,0.9607919254658386,0.7136249504427117,0.8261175534681638,0.95829636202307,0.8823529411764705,1.1615044247787607,1.436170212765957,gaussian_process,0.6987577639751552,3
23,4,2021-08-23 14:21:56.801015,0.8,0,428,441,177,44,0,0,1,0,0,0,0,0.6818181818181818,-0.10151752611740693,0.9193759611937127,1.2276547468338865,0.22292629221962998,-0.17686449569125468,0.8600306918232133,-2.2532304002657835,0.026788747431264796,0.49239789569410825,1.2895559822730938e-45,1.0,0.3533518634192058,0.49104995979086075,0.49672702653929907,1.7114572022767006e-251,0.07504508267070618,7.429393988900301e-09,0,0,0,1,0,0,0,0,0,0,0,0,1,0,0,0,0,0,0,0,1,0,0,0,1,0,0,0,0,0,0,0,0,0,1,0,0,0,0,0,1,0,0,0,0,1,0,0,0,0,0,0,0,0,1,0,0,0,1,0,0,0,0,1,0.8493333333333335,0.9371584699453555,1.067001675041876,0.7253623188405799,0.8358084332319439,0.906702898550725,0.6734505087881593,0.7796101949025489,0.9043478260869567,0.8326797385620917,1.0961160275319568,1.3553191489361704,gaussian_process,0.6594202898550726,3
24,4,2021-08-23 14:21:56.801015,0.8,0,428,441,177,44,0,0,0,1,0,0,0,0.6818181818181818,0.03509896506721835,0.9720821662072898,-1.0000056949777034,0.32011318594712707,-0.9999999987767608,0.3201159266175383,-1.0000001632344553,0.320115847490136,0.4999999764354337,0.49999917815191963,0.49999999500016656,0.49999999500016656,1.2173709461224333e-07,1.231445066241881e-07,1.7222582485295217e-22,-7.902981034768132,2.0941060029696507e-15,0,0,0,1,0,0,0,0,0,0,0,0,1,0,0,0,0,0,0,0,1,0,0,0,1,0,0,0,0,0,0,0,0,0,1,0,0,0,0,0,1,0,0,0,0,1,0,0,0,0,0,0,0,0,1,0,0,0,1,0,0,0,0,6,1.0,1.1034047919293821,1.2562814070351758,0.8540372670807453,0.9840758633029164,1.067546583850932,0.7929166116030131,0.9179083927424043,1.064773735581189,0.9803921568627452,1.290560471976401,1.5957446808510636,gaussian_process,0.7763975155279503,3
25,4,2021-08-23 14:21:56.801015,0.8,0,428,441,177,44,0,0,0,0,1,0,0,0.6818181818181818,1.3644752698545481,0.17597787535331955,0.33592119035924584,0.7377484801919597,-1.6636633912971763,0.09981977328998817,-0.9594027061403112,0.34004547347680425,0.4978573328710835,0.0001803312796629792,0.999948538417061,0.5030050619134367,0.4003039242270872,0.40493186900579536,8.013514691428468e-19,0.20188566357244642,1.7087897504097782e-05,0,0,0,1,0,0,0,0,0,0,0,0,1,0,0,0,0,0,0,0,1,0,0,0,1,0,0,0,0,0,0,0,0,0,1,0,0,0,0,0,1,0,0,0,0,1,0,0,0,0,0,0,0,0,1,0,0,0,1,0,0,0,0,3,0.9079999999999999,1.0018915510718789,1.1407035175879394,0.7754658385093167,0.8935408838790481,0.969332298136646,0.7199682833355358,0.8334608206101031,0.9668145519077196,0.8901960784313725,1.1718289085545721,1.4489361702127657,gaussian_process,0.7049689440993788,3
26,4,2021-08-23 14:21:56.801015,0.8,0,428,441,177,44,0,0,0,0,0,1,0,0.6818181818181818,-1.200972578666189,0.23305913759477703,-1.0804470211837367,0.28296383168448136,-0.9852928086492271,0.3272442047522214,-3.35191051103985,0.0011943539329558187,0.3764570675145803,8.297836674015619e-05,0.9998163889470565,0.11801908590859564,0.42443662955617306,0.42934357441673027,1.2622798778708127e-09,1.5652509820773937,1.9775970372393203e-07,0,0,0,1,0,0,0,0,0,0,0,0,1,0,0,0,0,0,0,0,1,0,0,0,1,0,0,0,0,0,0,0,0,0,1,0,0,0,0,0,1,0,0,0,0,1,0,0,0,0,0,0,0,0,1,0,0,0,1,0,0,0,0,5,0.9746666666666668,1.0754518705338378,1.2244556113902847,0.8324016563146999,0.9591459414325759,1.040502070393375,0.7728293907757368,0.8946547134595968,1.0377994676131324,0.9555555555555557,1.257866273352999,1.5553191489361702,gaussian_process,0.756728778467909,3
27,4,2021-08-23 14:21:56.801015,0.8,0,428,441,177,44,0,0,0,0,0,0,1,0.6818181818181818,-1.2386322802661804,0.2188519315831904,0.45867588332356624,0.6476240181764561,-2.328973249503077,0.02220568309783291,-4.161124544660342,7.480128577763913e-05,0.4604545454545454,0.14,0.8,0.445,0.17378087751081747,0.1757899717415782,0.4729740667662812,0.5753208773162266,0.47725215554237366,0,0,0,1,0,0,0,0,0,0,0,0,1,0,0,0,0,0,0,0,1,0,0,0,1,0,0,0,0,0,0,0,0,0,1,0,0,0,0,0,1,0,0,0,0,1,0,0,0,0,0,0,0,0,1,0,0,0,1,0,0,0,0,4,0.9159999999999999,1.010718789407314,1.1507537688442209,0.7822981366459627,0.9014134907854714,0.9778726708074534,0.7263116162283599,0.8408040877520423,0.9753327417923691,0.8980392156862744,1.1821533923303833,1.461702127659574,gaussian_process,0.7111801242236024,3
28,5,2021-08-23 14:21:56.801015,0.8,0,428,441,221,44,1,0,0,0,0,0,0,0.7727272727272727,-1.4621869828169782,0.14733474911945302,0.489366220482929,0.625828310769285,2.4468536706268686,0.016446283165889686,-0.7417275666846107,0.46027324515964907,0.5039779519718472,0.35783314570480146,0.6181206017386317,0.5134273572175865,0.06901788109093213,0.06981580217813857,0.24684050725541723,-1.2929375261095888,0.12974780797958374,0,0,0,1,0,0,0,0,0,0,0,0,1,0,0,0,0,0,0,0,1,0,0,0,1,0,0,0,0,0,0,0,0,1,0,0,0,0,0,0,0,1,0,0,0,1,0,0,0,0,0,0,0,0,0,1,0,0,0,0,0,1,0,3,0.8432748538011697,0.9950709779179813,1.2241086587436336,0.9613333333333336,1.0607398066414464,1.207705192629816,0.8210144927536235,0.9460249299218706,1.0262681159420295,0.7622571692876967,0.8824159348896983,1.02360248447205,gaussian_process,0.7463768115942031,5
29,5,2021-08-23 14:21:56.801015,0.8,0,428,441,221,44,0,1,0,0,0,0,0,0.7727272727272727,0.2554840901101241,0.7989592732075582,-0.21773617245149168,0.8281504660491953,1.4979574307448624,0.13780592328291213,1.4979574307448624,0.13780592328291213,0.6136363636363636,0.0,1.0,1.0,0.4869155746733761,0.4925448434741561,1.2460515161209288e-42,-1.3794315069253171,1.7991969025743515e-09,0,0,0,1,0,0,0,0,0,0,0,0,1,0,0,0,0,0,0,0,1,0,0,0,1,0,0,0,0,0,0,0,0,1,0,0,0,0,0,0,0,1,0,0,0,1,0,0,0,0,0,0,0,0,0,1,0,0,0,0,0,1,0,1,0.7649122807017543,0.9026025236593058,1.1103565365025467,0.8719999999999999,0.9621689785624211,1.095477386934673,0.7447204968944099,0.858114152800143,0.9309006211180124,0.6914232853178273,0.8004161184713765,0.9284826974267968,gaussian_process,0.6770186335403726,5
30,5,2021-08-23 14:21:56.801015,0.8,0,428,441,221,44,0,0,1,0,0,0,0,0.7727272727272727,1.1643272030327567,0.24751126686452,0.8932292199209415,0.37422719589317954,2.13321708153644,0.035755872842336604,0.7133762844472894,0.4775443671684433,0.5867604462233686,5.083970118448173e-51,1.0,0.9999951595014338,0.48863096283144647,0.4942800633680381,3.623536938807925e-158,-1.0917158477581856,3.2314635411978543e-09,0,0,0,1,0,0,0,0,0,0,0,0,1,0,0,0,0,0,0,0,1,0,0,0,1,0,0,0,0,0,0,0,0,1,0,0,0,0,0,0,0,1,0,0,0,1,0,0,0,0,0,0,0,0,0,1,0,0,0,0,0,1,0,0,0.6888888888888888,0.8128943217665614,1.0,0.7853333333333332,0.8665405632618747,0.9865996649916245,0.670703933747412,0.772827577980557,0.8383799171842651,0.6227038456455661,0.7208640577670348,0.8362023070097604,gaussian_process,0.6097308488612836,5
31,5,2021-08-23 14:21:56.801015,0.8,0,428,441,221,44,0,0,0,1,0,0,0,0.7727272727272727,-0.7227406805023115,0.4718001603228238,1.0240691248460847,0.30867460211618203,0.9871237956486425,0.3263510899285862,0.987354497454242,0.32623867314624033,0.49999999545279894,0.49999999475237966,0.5000000151637786,0.49999999500016656,3.0061229148625096e-09,3.040876935510333e-09,1.735797207016327e-22,7.902245863259393,1.0,0,0,0,1,0,0,0,0,0,0,0,0,1,0,0,0,0,0,0,0,1,0,0,0,1,0,0,0,0,0,0,0,0,1,0,0,0,0,0,0,0,1,0,0,0,1,0,0,0,0,0,0,0,0,0,1,0,0,0,0,0,1,0,4,0.8923976608187134,1.0530362776025237,1.2954159592529713,1.0173333333333334,1.1225304749894915,1.2780569514237854,0.8688405797101451,1.0011331782668338,1.0860507246376814,0.8066604995374653,0.9338188048832727,1.0832298136645964,gaussian_process,0.7898550724637682,5
32,5,2021-08-23 14:21:56.801015,0.8,0,428,441,221,44,0,0,0,0,1,0,0,0.7727272727272727,-0.38829458096192226,0.6987576030783869,0.5193833456182004,0.6048276098990717,0.8432675228844724,0.40141818908326155,-1.2011415569054862,0.23299393705650398,0.5412747611892527,0.0001964014388779786,0.9980605723268577,0.6036933766855286,0.3744866536828298,0.37881612299031575,2.0325439558902145e-13,-0.41874252485138574,6.835245585534722e-05,0,0,0,1,0,0,0,0,0,0,0,0,1,0,0,0,0,0,0,0,1,0,0,0,1,0,0,0,0,0,0,0,0,1,0,0,0,0,0,0,0,1,0,0,0,1,0,0,0,0,0,0,0,0,0,1,0,0,0,0,0,1,0,2,0.7941520467836257,0.9371056782334385,1.1528013582342955,0.9053333333333333,0.9989491382934006,1.1373534338358458,0.7731884057971015,0.8909166815769071,0.9664855072463769,0.7178538390379278,0.8310130648961234,0.9639751552795032,gaussian_process,0.7028985507246377,5
33,5,2021-08-23 14:21:56.801015,0.8,0,428,441,221,44,0,0,0,0,0,1,0,0.7727272727272727,0.6265169748294712,0.5326354507689496,2.144670026831494,0.03479998729475337,1.002347116734964,0.31898795621741777,1.1019518313040861,0.2735570299851881,0.5752710680747692,6.641893364356522e-06,0.9999625728425989,0.8233804368361717,0.4351741034677317,0.4402051850986728,3.0897420525951745e-43,-0.7349818467598661,3.4864621056840406e-07,0,0,0,1,0,0,0,0,0,0,0,0,1,0,0,0,0,0,0,0,1,0,0,0,1,0,0,0,0,0,0,0,0,1,0,0,0,0,0,0,0,1,0,0,0,1,0,0,0,0,0,0,0,0,0,1,0,0,0,0,0,1,0,6,1.0,1.1800078864353312,1.4516129032258067,1.1400000000000001,1.2578814627994956,1.4321608040201004,0.9736024844720498,1.1218464841653248,1.2170031055900623,0.9039249372274349,1.046415567726341,1.2138420585625556,gaussian_process,0.8850931677018634,5
34,5,2021-08-23 14:21:56.801015,0.8,0,428,441,221,44,0,0,0,0,0,0,1,0.7727272727272727,0.6384306829206365,0.5248898909756328,1.50860714755594,0.13506434470530562,1.6513755550552307,0.10230906784638712,-0.6543399101707092,0.5146389393517171,0.5279545454545455,0.09,1.0,0.525,0.23639892656130831,0.2391319529236754,0.2957057506150512,-0.1411711572166767,0.4537028968334198,0,0,0,1,0,0,0,0,0,0,0,0,1,0,0,0,0,0,0,0,1,0,0,0,1,0,0,0,0,0,0,0,0,1,0,0,0,0,0,0,0,1,0,0,0,1,0,0,0,0,0,0,0,0,0,1,0,0,0,0,0,1,0,5,0.9485380116959063,1.119282334384858,1.3769100169779287,1.0813333333333333,1.1931483816729718,1.3584589614740366,0.9234989648033126,1.0641140335182202,1.1543737060041408,0.857407162680058,0.9925649420187864,1.1513753327417924,gaussian_process,0.8395445134575569,5
35,6,2021-08-23 14:21:56.801015,0.8,0,428,441,265,44,1,0,0,0,0,0,0,0.7954545454545454,-1.4915792502351028,0.13946865497936142,-0.18302379951945758,0.8552101379804873,0.2254408431862009,0.8221712050799406,2.1209380602062615,0.036805934323640405,0.5006044046879355,0.1561333152928997,0.6146923116622044,0.5109069574607563,0.09922574557887123,0.10037290213510988,2.8698549801985233e-06,-4.033352219343359,1.3009243048145436e-05,0,0,0,0,0,1,0,0,0,0,0,0,0,1,0,0,0,1,0,0,0,0,0,0,1,0,0,0,0,0,0,0,0,1,0,0,0,0,0,0,0,1,0,0,0,1,0,0,0,0,0,0,0,0,1,0,0,0,0,0,0,0,1,3,0.9019836639439908,1.0018515089798186,1.131771595900439,0.9040935672514618,1.0668375394321765,1.3123938879456707,1.0306666666666666,1.137242538881883,1.2948073701842542,0.8802277432712214,1.0142541897775392,1.100284679089027,mlp,0.8002070393374741,5
36,6,2021-08-23 14:21:56.801015,0.8,0,428,441,265,44,0,1,0,0,0,0,0,0.7954545454545454,0.49678623669846594,0.6206073619602532,0.0,1.0,-0.21773617245149166,0.8281504660491953,1.4979574307448624,0.13780592328291213,0.6136363636363636,0.0,1.0,1.0,0.48691557467337615,0.4925448434741561,1.2460515161204997e-42,-1.379431506925318,1.7991969025743515e-09,0,0,0,0,0,1,0,0,0,0,0,0,0,1,0,0,0,1,0,0,0,0,0,0,1,0,0,0,0,0,0,0,0,1,0,0,0,0,0,0,0,1,0,0,0,1,0,0,0,0,0,0,0,0,1,0,0,0,0,0,0,0,1,1,0.8261376896149359,0.9176078503980745,1.0366032210834555,0.8280701754385965,0.9771293375394322,1.2020373514431242,0.9440000000000001,1.0416141235813368,1.1859296482412058,0.8062111801242237,0.9289676149579532,1.0077639751552796,mlp,0.7329192546583851,5
37,6,2021-08-23 14:21:56.801015,0.8,0,428,441,265,44,0,0,1,0,0,0,0,0.7954545454545454,0.8374451147091923,0.40466368692313337,-0.2393866533325464,0.811375379158541,0.6596064011255149,0.5112689986621936,1.9045234752562874,0.06018503953203778,0.5616794323831497,1.949742128701781e-61,1.0,0.9776699712097743,0.48296791221538576,0.48855154178368554,0.0,-0.7498791684350056,8.964702757907617e-09,0,0,0,0,0,1,0,0,0,0,0,0,0,1,0,0,0,1,0,0,0,0,0,0,1,0,0,0,0,0,0,0,0,1,0,0,0,0,0,0,0,1,0,0,0,1,0,0,0,0,0,0,0,0,1,0,0,0,0,0,0,0,1,0,0.7969661610268379,0.8852064432512498,1.0,0.7988304093567251,0.9426261829652997,1.1595925297113754,0.9106666666666666,1.0048339638503574,1.1440536013400333,0.7777432712215321,0.8961650861811892,0.9721790890269152,mlp,0.7070393374741201,5
38,6,2021-08-23 14:21:56.801015,0.8,0,428,441,265,44,0,0,0,1,0,0,0,0.7954545454545454,-0.6425974345359127,0.5221948400356969,-0.9165586796664998,0.3619370578447473,1.001693806769677,0.3193016556171773,0.9995467651096202,0.32033404552667083,0.4999999950316382,0.4999999950000858,0.4999999963809731,0.49999999500016656,2.0577214828335902e-10,2.081510960818046e-10,1.722699033078078e-22,7.902957068088064,1.0,0,0,0,0,0,1,0,0,0,0,0,0,0,1,0,0,0,1,0,0,0,0,0,0,1,0,0,0,0,0,0,0,0,1,0,0,0,0,0,0,0,1,0,0,0,1,0,0,0,0,0,0,0,0,1,0,0,0,0,0,0,0,1,3,0.9019836639439908,1.0018515089798186,1.131771595900439,0.9040935672514618,1.0668375394321765,1.3123938879456707,1.0306666666666666,1.137242538881883,1.2948073701842542,0.8802277432712214,1.0142541897775392,1.100284679089027,mlp,0.8002070393374741,5
39,6,2021-08-23 14:21:56.801015,0.8,0,428,441,265,44,0,0,0,0,1,0,0,0.7954545454545454,0.18683685857271173,0.8522286040619598,-0.032530887478433475,0.9741240660885404,0.4756065413054774,0.6355605819118123,0.7947174632559214,0.42896560261707684,0.5385792528467634,0.0028921290630049192,0.9958330070922751,0.6179581650800327,0.3936852185203408,0.3982366439279824,9.035232176757666e-23,-0.4830603458830093,1.1957394235651009e-05,0,0,0,0,0,1,0,0,0,0,0,0,0,1,0,0,0,1,0,0,0,0,0,0,1,0,0,0,0,0,0,0,0,1,0,0,0,0,0,0,0,1,0,0,0,1,0,0,0,0,0,0,0,0,1,0,0,0,0,0,0,0,1,2,0.899649941656943,0.9992593964080726,1.1288433382137628,0.9017543859649122,1.064077287066246,1.3089983022071308,1.028,1.134300126103405,1.2914572864321605,0.8779503105590063,1.011629987475398,1.0974378881987579,mlp,0.7981366459627329,5
40,6,2021-08-23 14:21:56.801015,0.8,0,428,441,265,44,0,0,0,0,0,1,0,0.7954545454545454,-0.42924015462391507,0.6688218879931025,-0.5553061016877026,0.5801269274801338,1.5018705777478445,0.1367935238122871,0.42334066687697797,0.6731035650146598,0.5211549717657937,3.895791769984547e-05,0.9999987117255739,0.6198028455588839,0.46797008192437073,0.4733803204110784,4.953324391363579e-298,-0.10572237713223286,3.6502957101447464e-08,0,0,0,0,0,1,0,0,0,0,0,0,0,1,0,0,0,1,0,0,0,0,0,0,1,0,0,0,0,0,0,0,0,1,0,0,0,0,0,0,0,1,0,0,0,1,0,0,0,0,0,0,0,0,1,0,0,0,0,0,0,0,1,5,1.0,1.1107202369931493,1.2547584187408491,1.0023391812865494,1.1827681388012616,1.4550084889643462,1.1426666666666665,1.2608238755779737,1.4355108877721938,0.9758799171842649,1.1244706864674656,1.2198498964803313,mlp,0.8871635610766044,5
41,6,2021-08-23 14:21:56.801015,0.8,0,428,441,265,44,0,0,0,0,0,0,1,0.7954545454545454,1.2673978901637777,0.20843415899801554,0.5209158591873165,0.6037640997258509,1.952344498929083,0.05415049483916586,2.0372904135912786,0.044695302989826095,0.5565909090909091,0.05,1.0,0.54,0.2721458765059165,0.2752921761347656,0.011876262413453765,0.3412645337146328,0.03168920800089836,0,0,0,0,0,1,0,0,0,0,0,0,0,1,0,0,0,1,0,0,0,0,0,0,1,0,0,0,0,0,0,0,0,1,0,0,0,0,0,0,0,1,0,0,0,1,0,0,0,0,0,0,0,0,1,0,0,0,0,0,0,0,1,4,0.9754959159859978,1.0835030549898168,1.2240117130307469,0.9777777777777777,1.1537854889589905,1.4193548387096775,1.1146666666666667,1.2299285414039514,1.400335008375209,0.9519668737060042,1.0969165622949841,1.1899585921325053,mlp,0.865424430641822,5
42,7,2021-08-23 14:21:56.801015,0.8,0,428,441,309,44,1,0,0,0,0,0,0,0.6363636363636364,-0.8514583116455325,0.39687952623662326,0.17297676767521852,0.8630761528576955,-0.03391596289923601,0.9730227587792626,0.5198651421371254,0.6044931680417588,0.5035367911356242,0.3261834047477953,0.5989406610901942,0.5059608510510927,0.050118707458502915,0.05069813373054365,0.00011109094544721776,-3.226310618318894,0.0025595426559448242,0,0,0,0,0,1,0,0,0,0,0,0,0,1,0,0,0,1,0,0,0,0,0,0,0,0,1,0,0,0,0,0,0,0,1,0,0,0,1,0,0,0,0,0,0,1,0,0,0,0,0,0,0,0,1,0,0,0,0,0,0,0,1,1,0.7560975609756097,0.9041666666666667,1.107142857142857,0.794155086453803,0.882084125835283,0.9964727805137761,0.7960127591706537,0.9393013335245195,1.1555023923444976,0.9074545454545453,1.0012896939126446,1.140018273184102,mlp,0.7045454545454545,3
43,7,2021-08-23 14:21:56.801015,0.8,0,428,441,309,44,0,1,0,0,0,0,0,0.6363636363636364,2.3810494066098005,0.01947120127011255,-0.42913188600809515,0.6689003681208061,-0.42913188600809515,0.6689003681208061,-0.6475221543790608,0.5190188931858302,0.5681818181818182,0.0,1.0,1.0,0.4953294254023493,0.5010559673853124,0.0,-0.8305607144358851,2.7266640056922142e-09,0,0,0,0,0,1,0,0,0,0,0,0,0,1,0,0,0,1,0,0,0,0,0,0,0,0,1,0,0,0,0,0,0,0,1,0,0,0,1,0,0,0,0,0,0,1,0,0,0,0,0,0,0,0,1,0,0,0,0,0,0,0,1,2,0.8536585365853658,1.0208333333333335,1.2500000000000002,0.8966267105123583,0.9959014323946744,1.1250499134832956,0.8987240829346093,1.0605015055921996,1.3045994752276588,1.0245454545454546,1.1304883640949217,1.2871174052078573,mlp,0.7954545454545455,3
44,7,2021-08-23 14:21:56.801015,0.8,0,428,441,309,44,0,0,1,0,0,0,0,0.6363636363636364,-2.5201103669455622,0.013578875155140564,-2.34926809650081,0.021101992572445976,-2.579161809946942,0.011603700208261385,-1.6561460647682293,0.10133674330668196,0.3218454017041832,2.2778143215235885e-61,1.0,2.6312866201172413e-13,0.4635661219367354,0.46892544589976026,3.067953661820268e-06,2.1865923731033137,9.24741283547803e-10,0,0,0,0,0,1,0,0,0,0,0,0,0,1,0,0,0,1,0,0,0,0,0,0,0,0,1,0,0,0,0,0,0,0,1,0,0,0,1,0,0,0,0,0,0,1,0,0,0,0,0,0,0,0,1,0,0,0,0,0,0,0,1,0,0.6829268292682926,0.8166666666666668,1.0,0.7173013684098866,0.7967211459157395,0.9000399307866365,0.7189792663476874,0.8484012044737597,1.043679580182127,0.8196363636363636,0.9043906912759372,1.0296939241662857,mlp,0.6363636363636364,3
45,7,2021-08-23 14:21:56.801015,0.8,0,428,441,309,44,0,0,0,1,0,0,0,0.6363636363636364,-0.9850137265999308,0.3273804764676428,-1.065893066499116,0.2894553038763804,-1.408070605919581,0.1627148751349915,0.9691443155695404,0.3351909323967559,0.49999999443547677,0.4999999704246156,0.4999999950001674,0.49999999500016656,3.661844289749283e-09,3.7041791561733606e-09,1.7330318963867572e-22,-7.902397970152392,1.144743090060853e-14,0,0,0,0,0,1,0,0,0,0,0,0,0,1,0,0,0,1,0,0,0,0,0,0,0,0,1,0,0,0,0,0,0,0,1,0,0,0,1,0,0,0,0,0,0,1,0,0,0,0,0,0,0,0,1,0,0,0,0,0,0,0,1,5,1.0,1.1958333333333335,1.4642857142857144,1.0503341466001912,1.1666273922337616,1.317915612937575,1.0527910685805422,1.2423017636937195,1.5282450995524004,1.2001818181818182,1.3242863693683367,1.50776610324349,mlp,0.9318181818181819,3
46,7,2021-08-23 14:21:56.801015,0.8,0,428,441,309,44,0,0,0,0,1,0,0,0.6363636363636364,-0.4482752097764398,0.6550819434724835,0.2102188958473591,0.8339940842341395,0.18223957068259738,0.8558236100622802,0.6967100931791184,0.48786318415438235,0.5559541062651684,0.00041468579541104284,0.9996282564347123,0.6617863510048748,0.37249800545586415,0.37680448384664483,6.949560256671685e-12,-0.8367245265273683,4.5359774958342314e-05,0,0,0,0,0,1,0,0,0,0,0,0,0,1,0,0,0,1,0,0,0,0,0,0,0,0,1,0,0,0,0,0,0,0,1,0,0,0,1,0,0,0,0,0,0,1,0,0,0,0,0,0,0,0,1,0,0,0,0,0,0,0,1,1,0.7560975609756097,0.9041666666666667,1.107142857142857,0.794155086453803,0.882084125835283,0.9964727805137761,0.7960127591706537,0.9393013335245195,1.1555023923444976,0.9074545454545453,1.0012896939126446,1.140018273184102,mlp,0.7045454545454545,3
47,7,2021-08-23 14:21:56.801015,0.8,0,428,441,309,44,0,0,0,0,0,1,0,0.6363636363636364,0.6292917662170189,0.5308262075153931,0.7546685546387245,0.4525095285556716,0.21616209909270329,0.82937329598972,2.3247780220412673,0.022440101477190468,0.59592157034804,1.4247494392665864e-05,0.9999944286452546,0.8795468840135958,0.45062299780209436,0.4558326853010882,7.322063658429653e-20,-1.2924485444994376,6.266851215741553e-08,0,0,0,0,0,1,0,0,0,0,0,0,0,1,0,0,0,1,0,0,0,0,0,0,0,0,1,0,0,0,0,0,0,0,1,0,0,0,1,0,0,0,0,0,0,1,0,0,0,0,0,0,0,0,1,0,0,0,0,0,0,0,1,4,0.9268292682926828,1.1083333333333334,1.357142857142857,0.9734804285562746,1.0812644123142179,1.221482763210435,0.9757575757575756,1.1514016346429594,1.4164222873900292,1.1123636363636362,1.2273873667316288,1.3974417542256734,mlp,0.8636363636363635,3
48,7,2021-08-23 14:21:56.801015,0.8,0,428,441,309,44,0,0,0,0,0,0,1,0.6363636363636364,0.9356096979150973,0.3520939940727571,-0.19679228533902463,0.8444544147942752,0.29806505008522266,0.7663724364900681,1.6579541153992665,0.10097018923138888,0.5447727272727274,0.08,0.96,0.505,0.2846328467306901,0.287923509192767,2.1818023764213474e-10,0.07790750037599968,0.0005194721161387861,0,0,0,0,0,1,0,0,0,0,0,0,0,1,0,0,0,1,0,0,0,0,0,0,0,0,1,0,0,0,0,0,0,0,1,0,0,0,1,0,0,0,0,0,0,1,0,0,0,0,0,0,0,0,1,0,0,0,0,0,0,0,1,3,0.8780487804878048,1.05,1.2857142857142856,0.922244616526997,1.0243557590345223,1.1571941967256754,0.924401913875598,1.0908015486091194,1.3418737459484489,1.0538181818181818,1.1627880316404906,1.323892188213796,mlp,0.8181818181818181,3
49,8,2021-08-23 14:21:56.801015,0.8,0,428,441,353,44,1,0,0,0,0,0,0,0.7045454545454546,1.3984196305624044,0.16558282990158682,-1.051354690734665,0.29604099016168606,-0.5434670538338346,0.5882142730093525,-0.9306119701674304,0.35465932987190585,0.4909898408988601,0.3196692353189207,0.6038486305730314,0.49348020976126095,0.06010217836249088,0.06079702431754549,0.002434110422102703,-2.8016077219343662,0.0034475929569453,0,0,0,1,0,0,0,0,0,0,0,0,1,0,0,0,0,0,0,0,1,0,0,0,0,0,1,0,0,0,0,0,0,0,1,0,0,0,1,0,0,0,0,0,0,0,0,1,0,0,0,0,0,0,0,1,0,0,0,1,0,0,0,3,0.8947368421052632,1.0057625816365732,1.2064516129032257,0.8309852042619804,0.9937198067632851,1.2167997633836143,0.8728121353558927,0.9694501018329938,1.0951683748169838,0.8748538011695906,1.0323343848580442,1.269949066213922,gaussian_process,0.7743271221532091,3
50,8,2021-08-23 14:21:56.801015,0.8,0,428,441,353,44,0,1,0,0,0,0,0,0.7045454545454546,-0.23481352861290364,0.8149116468516594,-1.7165275440323828,0.08966547868360344,-2.164277214352739,0.033215029640207755,-2.164277214352739,0.033215029640207755,0.38636363636363635,0.0,1.0,0.0,0.4869155746733761,0.4925448434741561,1.2460515161211976e-42,1.3794315069253174,1.7991812484297043e-09,0,0,0,1,0,0,0,0,0,0,0,0,1,0,0,0,0,0,0,0,1,0,0,0,0,0,1,0,0,0,0,0,0,0,1,0,0,0,1,0,0,0,0,0,0,0,0,1,0,0,0,0,0,0,0,1,0,0,0,1,0,0,0,0,0.7416267942583732,0.8336534767575875,1.0,0.6887845275968287,0.8236714975845412,1.0085773439810708,0.723453908984831,0.8035548972412516,0.9077598828696926,0.7251461988304093,0.8556782334384858,1.0526315789473686,gaussian_process,0.6418219461697723,3
51,8,2021-08-23 14:21:56.801015,0.8,0,428,441,353,44,0,0,1,0,0,0,0,0.7045454545454546,-1.245657158324476,0.21627333123872383,0.8680531442246973,0.387781109130626,-1.4361054077211965,0.15459999590006876,-1.6656228434128197,0.0994274050758481,0.4110862012501753,1.7232801999323239e-47,1.0,4.205571102746294e-09,0.48946281428947536,0.49512153192542285,3.969188856001919e-164,1.101108047275496,2.8622286762924887e-09,0,0,0,1,0,0,0,0,0,0,0,0,1,0,0,0,0,0,0,0,1,0,0,0,0,0,1,0,0,0,0,0,0,0,1,0,0,0,1,0,0,0,0,0,0,0,0,1,0,0,0,0,0,0,0,1,0,0,0,1,0,0,0,1,0.819377990430622,0.9210526315789475,1.1048387096774193,0.7609958087158512,0.9100241545893721,1.114315291333925,0.7992998833138858,0.8877985558229957,1.0029282576866765,0.8011695906432749,0.9453864353312302,1.1629881154499153,gaussian_process,0.7091097308488613,3
52,8,2021-08-23 14:21:56.801015,0.8,0,428,441,353,44,0,0,0,1,0,0,0,0.7045454545454546,-0.2870399890460466,0.7747721573015043,1.0000001270889136,0.3201158648812507,0.9999999855839449,0.32011593296514856,0.9999998856171641,0.3201159810633105,0.5042130019194871,0.49999999369011616,0.6853723007085932,0.49999999500016656,0.027626534067795853,0.02794592657522561,1.7222582535046992e-22,7.902981034499217,1.214721987547688e-14,0,0,0,1,0,0,0,0,0,0,0,0,1,0,0,0,0,0,0,0,1,0,0,0,0,0,1,0,0,0,0,0,0,0,1,0,0,0,1,0,0,0,0,0,0,0,0,1,0,0,0,0,0,0,0,1,0,0,0,1,0,0,0,6,1.0,1.1240875912408759,1.3483870967741935,0.9287481694692723,1.1106280193236715,1.3599526767228631,0.9754959159859978,1.0835030549898168,1.2240117130307469,0.9777777777777777,1.1537854889589905,1.4193548387096775,gaussian_process,0.865424430641822,3
53,8,2021-08-23 14:21:56.801015,0.8,0,428,441,353,44,0,0,0,0,1,0,0,0.7045454545454546,1.3579775290108809,0.17802302374039766,-0.4318127514812974,0.6669581873753743,-0.211788956769844,0.8327728015265705,-0.2503220714255899,0.8029353221131299,0.5209016226187339,0.0005615650564317453,0.9959592564771192,0.5036466491633806,0.380249856628699,0.3846459547733453,3.488032771071555e-14,-0.1001594610750993,7.193141937023029e-05,0,0,0,1,0,0,0,0,0,0,0,0,1,0,0,0,0,0,0,0,1,0,0,0,0,0,1,0,0,0,0,0,0,0,1,0,0,0,1,0,0,0,0,0,0,0,0,1,0,0,0,0,0,0,0,1,0,0,0,1,0,0,0,2,0.839712918660287,0.9439108720706876,1.1322580645161289,0.7798818360854415,0.9326086956521739,1.141969831410825,0.8191365227537923,0.9098315126828365,1.027818448023426,0.8210526315789473,0.9688485804416402,1.1918505942275042,gaussian_process,0.7267080745341614,3
54,8,2021-08-23 14:21:56.801015,0.8,0,428,441,353,44,0,0,0,0,0,1,0,0.7045454545454546,-0.5538817083515566,0.58109713022987,-2.0376972241943996,0.04465366844758708,-1.230795356659311,0.22175503998134,-1.8542358500167695,0.0671330941961314,0.4011457262990842,7.846831828218725e-06,0.9999918524972123,0.13289208716757378,0.43568151929783844,0.4407184672026265,1.4542047715331124e-14,1.3284263846994335,1.9271499240858248e-07,0,0,0,1,0,0,0,0,0,0,0,0,1,0,0,0,0,0,0,0,1,0,0,0,0,0,1,0,0,0,0,0,0,0,1,0,0,0,1,0,0,0,0,0,0,0,0,1,0,0,0,0,0,0,0,1,0,0,0,1,0,0,0,4,0.9521531100478469,1.0703034959661928,1.2838709677419353,0.8843104580114123,1.057487922705314,1.294883170659568,0.9288214702450409,1.031660803554897,1.165446559297218,0.9309941520467835,1.0985804416403784,1.3514431239388796,gaussian_process,0.8240165631469979,3
55,8,2021-08-23 14:21:56.801015,0.8,0,428,441,353,44,0,0,0,0,0,0,1,0.7045454545454546,-1.1437772051147321,0.255889779762159,-1.7063796026019578,0.09154625804067361,-1.9525573516085222,0.05412482750453482,-1.5581352938897068,0.12287375844628634,0.4440909090909091,0.11,0.95,0.38,0.2620749214686707,0.2651047900036423,0.003049978263156585,1.4234303414131009,0.0007267944165505469,0,0,0,1,0,0,0,0,0,0,0,0,1,0,0,0,0,0,0,0,1,0,0,0,0,0,1,0,0,0,0,0,0,0,1,0,0,0,1,0,0,0,0,0,0,0,0,1,0,0,0,0,0,0,0,1,0,0,0,1,0,0,0,5,0.9796650717703349,1.1012293507491357,1.3209677419354837,0.9098621420996817,1.0880434782608697,1.3322981366459627,0.9556592765460912,1.0614700981299758,1.199121522693997,0.9578947368421051,1.1303233438485805,1.3904923599320884,gaussian_process,0.8478260869565217,3
56,9,2021-08-23 14:21:56.801015,0.8,0,428,441,397,44,1,0,0,0,0,0,0,0.75,-0.7928661583066962,0.4300377228829194,1.5395148432266366,0.12735016430911042,0.4601212404690673,0.6465904279978908,0.456728853089879,0.6490174533065187,0.5080851617840915,0.4395030694213124,0.6144169808382793,0.5029359990688205,0.041108602613405945,0.04158386236308748,0.2660559329784844,1.6098623243194061,0.11401017755270004,0,0,0,1,0,0,0,0,0,0,0,0,0,1,0,0,0,0,0,1,0,0,0,0,1,0,0,0,0,0,0,0,0,1,0,0,0,0,0,0,0,1,0,0,0,0,0,1,0,0,0,0,0,0,0,1,0,0,0,1,0,0,0,3,0.9043478260869565,1.0414878397711016,1.2606060606060605,1.0014354066985645,1.1257011140991164,1.350322580645161,0.930081300813008,1.1122222222222222,1.3619047619047617,0.9768961493582264,1.0850583225328643,1.2257686676427524,mlp,0.8666666666666666,3
57,9,2021-08-23 14:21:56.801015,0.8,0,428,441,397,44,0,1,0,0,0,0,0,0.75,1.3588722310121975,0.17774035441487884,1.7165275440323828,0.08966547868360344,0.0,1.0,-0.42913188600809515,0.6689003681208061,0.5681818181818182,0.0,1.0,1.0,0.4953294254023493,0.5010559673853124,0.0,-0.8305607144358851,2.7266640056922142e-09,0,0,0,1,0,0,0,0,0,0,0,0,0,1,0,0,0,0,0,1,0,0,0,0,1,0,0,0,0,0,0,0,0,1,0,0,0,0,0,0,0,1,0,0,0,0,0,1,0,0,0,0,0,0,0,1,0,0,0,1,0,0,0,2,0.8391304347826086,0.9663805436337625,1.1696969696969697,0.9292165071770334,1.0445207452938916,1.2529435483870965,0.8630081300813006,1.0320138888888888,1.2636904761904761,0.9064469078179697,1.0068089242732827,1.1373718887262079,mlp,0.8041666666666666,3
58,9,2021-08-23 14:21:56.801015,0.8,0,428,441,397,44,0,0,1,0,0,0,0,0.75,-1.2770074943367724,0.20503674115186668,0.12215004130029095,0.9030651750749884,0.9940913984024367,0.3229671980287181,-1.3141123454328079,0.1923027876631559,0.4239717930091748,9.193562713354898e-45,1.0,1.2363454990927404e-09,0.48880976068394233,0.4944609283164023,0.0,0.9019385159609088,4.092475691663822e-09,0,0,0,1,0,0,0,0,0,0,0,0,0,1,0,0,0,0,0,1,0,0,0,0,1,0,0,0,0,0,0,0,0,1,0,0,0,0,0,0,0,1,0,0,0,0,0,1,0,0,0,0,0,0,0,1,0,0,0,1,0,0,0,1,0.7304347826086957,0.8412017167381974,1.018181818181818,0.8088516746411483,0.9092201306185171,1.0906451612903225,0.7512195121951218,0.8983333333333333,1.0999999999999999,0.7890315052508752,0.8763932605073134,0.9900439238653002,mlp,0.7,3
59,9,2021-08-23 14:21:56.801015,0.8,0,428,441,397,44,0,0,0,1,0,0,0,0.75,-0.5476708467177105,0.5853365622506084,0.6990603753593297,0.4864006386224957,0.8174572675798694,0.4159261361732661,0.8174572514654735,0.4159261453284282,0.5302423018367414,0.15519826434297102,0.9584141431258786,0.5051827180013646,0.24259625485250214,0.2454009290088861,0.0011166789145785562,0.5207578559306323,0.017453860491514206,0,0,0,1,0,0,0,0,0,0,0,0,0,1,0,0,0,0,0,1,0,0,0,0,1,0,0,0,0,0,0,0,0,1,0,0,0,0,0,0,0,1,0,0,0,0,0,1,0,0,0,0,0,0,0,1,0,0,0,1,0,0,0,6,1.0,1.151645207439199,1.3939393939393938,1.1073564593301435,1.244765655013446,1.4931451612903224,1.0284552845528454,1.229861111111111,1.505952380952381,1.0802217036172697,1.199824106646917,1.3554172767203514,mlp,0.9583333333333333,3
60,9,2021-08-23 14:21:56.801015,0.8,0,428,441,397,44,0,0,0,0,1,0,0,0.75,0.2067071008507621,0.8367272294142463,0.5722767678774499,0.5686274923547588,0.14111698404981687,0.8881075545009424,0.3477484004850631,0.7288788365831629,0.5672689792503701,0.007152798237943699,0.9992153102834913,0.6557428343005962,0.3710667874052087,0.3753567193728748,1.5927087057482463e-11,-0.6171151832164747,5.517551107914187e-05,0,0,0,1,0,0,0,0,0,0,0,0,0,1,0,0,0,0,0,1,0,0,0,0,1,0,0,0,0,0,0,0,0,1,0,0,0,0,0,0,0,1,0,0,0,0,0,1,0,0,0,0,0,0,0,1,0,0,0,1,0,0,0,0,0.7173913043478262,0.8261802575107297,1.0,0.7944078947368421,0.8929840568574722,1.0711693548387096,0.7378048780487805,0.8822916666666667,1.0803571428571428,0.7749416569428239,0.8607433808553971,0.9723645680819912,mlp,0.6875,3
61,9,2021-08-23 14:21:56.801015,0.8,0,428,441,397,44,0,0,0,0,0,1,0,0.75,0.27057287037848865,0.7873678654001697,1.5326569982547016,0.12903097914425668,-0.48236052310442645,0.6307753210696085,0.276293908649524,0.7829852327563289,0.548713607053793,3.795605982897753e-05,0.9999990846603365,0.7722731765964865,0.4569512719225882,0.46223412109050827,1.4303339880164663e-137,-0.5908966964159224,9.834025860300244e-08,0,0,0,1,0,0,0,0,0,0,0,0,0,1,0,0,0,0,0,1,0,0,0,0,1,0,0,0,0,0,0,0,0,1,0,0,0,0,0,0,0,1,0,0,0,0,0,1,0,0,0,0,0,0,0,1,0,0,0,1,0,0,0,5,0.9565217391304349,1.101573676680973,1.3333333333333335,1.0592105263157896,1.1906454091432963,1.428225806451613,0.983739837398374,1.1763888888888892,1.4404761904761907,1.033255542590432,1.1476578411405296,1.2964860907759885,mlp,0.9166666666666667,3
62,9,2021-08-23 14:21:56.801015,0.8,0,428,441,397,44,0,0,0,0,0,0,1,0.75,0.40805244937151275,0.6842493043632792,1.3780184898838974,0.17177254924603655,-0.2966381401346021,0.7674580147697724,-0.4976301906226385,0.6200147536296898,0.5263636363636364,0.1,0.99,0.575,0.29084587381300353,0.2942083655640415,1.9716006352373964e-06,0.182599732036516,0.0026459924411028624,0,0,0,1,0,0,0,0,0,0,0,0,0,1,0,0,0,0,0,1,0,0,0,0,1,0,0,0,0,0,0,0,0,1,0,0,0,0,0,0,0,1,0,0,0,0,0,1,0,0,0,0,0,0,0,1,0,0,0,1,0,0,0,4,0.9304347826086956,1.0715307582260372,1.2969696969696969,1.030322966507177,1.1581732616212064,1.389274193548387,0.956910569105691,1.1443055555555557,1.401190476190476,1.0050758459743292,1.116358081836697,1.2611273792093705,mlp,0.8916666666666666,3
